sequence	target
MKYLLPTAAAGLLLLAAQPAMAQVQLQESGGGLVQAGGSLRLSCTASGRTFSSYAMGWFRQAPGKEREFVAAVSWNGLRNYNIDLVKDRFTISRDNAKNTVYLQMNRLEPEDTAVYYCAVALHGSTSPRPRDYDYWGQGTQVTVSS	1
MKYLLPTAAAGLLLLAAQPAMAQVQLQESGGGLVQAGGSLTLSCAASGRTFSTDAMGWFRQAPGKEREFVATVSWGGGNTYHADTVKGRFTIFRDNAKNTVYLQMNNLEPEDTAVYYCATSLTTTHMRAREVDYWGQGTQVTVSP	1
MKYLLPTAAAGLLLLAAQPAMAQVQLQESGGGLVQAGGSLRLSCVVSGRDFSARAMGWYRQAPGKQRELVATITSGGRGNYADSVKGRFTISRDVAKNTVYLQMNSLKLEDTAVYYCAAGRFPAVNDYWGQGTQVTVSS	1
MKYLLPTAAAGLLLLAAQPAMAQAQLQESGGGLVQAGDSLRLSCAASGRTFSSYVMGWFRQAPGKEREFVAAISWSGGSTHYADSVKGRFTISRDNAKNTVYLQMNSLRPEDTAVYYCAAAPSDSRPLADFGSWGQGTQVTVSS	1
MKYLLPTAAAGLLLLAAQPAMAQVQLQESGGGLVQPGGSLRLSCAASGFSLDYYAIGWFRQAPGKEREGVSCISSSEWGGNANYADSVKGRFTISRDNAKNTVYLQMNSLKPEDTAVYYCAAARGLRHCVLTPLEDSWGQGTQVTVSS	0
MKYLLPTAAAGLLLLAAQPAMAQVQLQESGGDLAQPGGSLRLSCVASGFVFGRYPMSWARQAPGKALEWVSAILPDGDDPYYSDTVKDRFTIARDNDKNTLYLQMNSLKPDDTARYYCVRGWPDYNTVVVPNYWGQGTQVTVSS	1
MKYLLPTAAAGLLLLAAQPAMAQVQLQESGGGLVQVGGSLRLSCAASLRTFSSVTMDWFLGWFRQAPGKEREFVAAIVPSGNVRSYADSVKGRFTISRDNAKNTVYLQMNSLKPEDTAVYYCACGTKGLSRGFYDYNYWGRGTQVTVSS	0
MKYLLPTAAAGLLLLAAQPAMAQVQLQESGGGLVQTGGSLRLSCAASGSIFSINAMGWYRQAPGKQRELVAVITSGGSTNYADSVKGRFTISRDNAKNTVYLQMNSLKPEDTAVYYCNADFPDSTGWGRVDYWGQGTQVTVSS	1
MKYLLPTAAAGLLLLAAQPAMAQVQLQESGGGLVQAGGSLRLSCEASGSRFIIAVMGWYRQTPGKQREFVARMTNNGTATYADSVKGRFIISRDNVKMTVDLQMNDLKPEDTGVYGCTATTIRASMPFNYWGKGTQVTVSS	0
MKYLLPTAAAGLLLLAAQPAMAQVQLQESGGGLVEPGGSLRLSCAASKFTLAYYDIAWFRQAPGKEREGVSCISSYDGSTYCADSVKGRFTISRDNAKNTVYLQMNSLKPEDTAIYFCATDHTGAPKCSMKTIGEYNYRGQGTQVTVSS	0
MKYLLPTAAAGLLLLAAQPAMAQVQLQESGGGLVQAGGSLRLSCSASGLTFSDYAMGWFRRQAPGKERELVAAINYSGNGLYYADFVQGRFTITRDNAKNAVYLQMRTLKPEDTAVYNCAARSGRYYNPTVSSCDFWGQGSQVTVSS	0
MKYLLPTAAAGLLLLAAQPAMAQVQLQESGGGLLQPGGSLTLSCAASGFSLDTYGIGWFRQAPGKEREGVACIGSSDGSTVYAASVKGRFTISRDNAKNTVDLQMTSLEPEDTATYYCAEAVPPHCLAKSGYWGQGTQVTVSS	0
MKYLLPTAAAGLLLLAAQPAMAQVQLQESGGGLVQAGASLNLSCVVSGGFVGTYDMGWVRQAAGKERESVAGIREIGAMYSSNAVKGRFAVSRDDGKNALHLLMTNLEPGDTAVYYCAAREKDPLPLSVMALWKHWGRGTQVTVSS	0
MKYLLPTAAAGLLLLAAQPAMAQVQLQESGGGLVLPGGSLKLSCQASGLTFSIYAMSWVRQAPGKGLEWVSDINSDGDNQYYADSVKGRFTISRDNAKNTVDLQMSSLKPEDTGVYYCATDRRATIARMVTRTDFGSWGQETQVTVSS	1
MKYLLPTAAAGLLLLAAQPAMAQVQLQESGGGLLQAGGSLRLSCAASGTIFSINAMGWYRQAPGNQRELVAAITVAGSTNYLDSVKGRFTISRDNAKNTVYLQMNRLIPEDTAVYYCAARVTGELAYESYDYWGQGTQVTVSS	1
MKYLLPTAAAGLLLLAAQPAMAQVQLQESGGGLVQAGSSLRLTCTTSGDVFNSYAMAWFRQVPGKEREFVSAVGWRTGTTWYGDSVKGRFTISRDNAKNTGYLNMNNLKPDDTAVYHCAGLRGWGRGYEYDFWGQGTQVTVSS	1
MKYLLPTAAAGLLLLAAQPAMAQVQLQESGGGLVQPGGSLRLSCAASGRTDSRYAVAWFRQAPGKERKGVSCISGRGGSTRYADSVKGRFTIFRDNAKNTVYLQMDSLKSEDTAVYYCAADRFPDPCSLATTPLSGREYDYWGQGTQVTVSS	0
MKYLLPTAAAGLLLLAAQPAMAQVQLQESGGGLVQAGDSLRLSCAASGRLFSAYNMGWFRQAPGKEREFVASITTSGGTTFYADSVKGRFTISRDNAKNTMYLQMNSLKPDDTAVYYCARRGTSGPYNTPVWYDDWGQGTQVTVSS	1
MKYLLPTAAAGLLLLAAQPAMAQVQLQESGGGLVQAGGSLRLSCTASGRTFSSYRMGWFRQAPGKEREFVAAISHFGSYTYYADTVKGRFTISRDNAKNTVNLQMNSLKPEDTAYYYCAADGDPYHHNDERSGEYDYWGQGTQVTVAS	1
MKYLLPTAAAGLLLLAAQPAMAQVQLQESGGGLVQDGGSLRLSCAASGRDITPYVMAWFRQAPGKEREFVSAVDWSGSTTDYAASVKGRFTIQRDNAKTTVYLQMNNLKPEDTAVYFCAAEGPAKWLTGSGVFDRAENYDYWGQGTQVTVSS	1
MKYLLPTAAAGLLLLAAQPAMAQVQLQESGGGLVQAGGSLRLSCAASRSFASINAIEWHRQAPGKRRELVARITSSGNTNYGDFVKGRFSFSRDNAENTVYLQMNSLKPEDTAVYYCGALYKNDYRTYWGQGTQVTVSS	1
MKYLLPTAAAGLLLLAAQPAMAQVQLQESGGGLVQAGDSLTLSCAASGSTVSISAMRWYRQAPGKQREMVATIDTDDGRTGYADSVKGRFAISRDNLKNTMYLQMNNLKPEDTAVYLCNADVYIDEDTSFNFRGYWGQGTQVTVSS	1
MKYLLPTAAAGLLLLAAQPAMAQVQLQESGGGLAQAGGSLRLSCKASGRTSTAYAKAWFRQAPGKEREFVGAINSSGGVTKYADSVKGRFTISRDNAKNTLYLQMNGLKSEDTAVYYCSKDIRGRVRGQGTQVTVSS	0
MKYLLPTAAAGLLLLAAQPAMAQVQLQESGGGLVQAGGSLRLSCAASGVSVDDYVVGWFRQAPGKEPEGVSYIESTDGSTYYTDSVKGRFTISRSIAKNTVYLQMDSLKPEDTAVYFCAAPVYFEAGSRQFNYDYRGQGTQVTVSS	1
MKYLLPTAAAGLLLLAAQPAMAQVQLQESGGGLVQPGESLRLSCASSGFRFSTSTMSWVRQVPGKGVEWLAGVYSNGRTYYADVVRGRFTISRDNAKSMVYLQMNRLKPEDTAVYHCAPIEGPSSVQGMQEFAHLDDDYWGQGTQVTVSS	1
MKYLLPTAAAGLLLLAAQPAMAQVQLQESGGGLVQAGGSLTLRCTGSTNIFSIDSMGWFRQAPGKERELVTAVNNGGDRYYTDSVMGRFITWRDNGKNTLYLRMDNLKPEDTAMYLCAGSTHKHDHQPKGLQFFEYDVLGQGTQVTVSS	1
MKYLLPTAAAGLLLLAAQPAMAQVQLQESGGGLVQAGESLRLSCAASGRTFSSYDMGWFRQAPGKEREFVATVSWGGGNTYYADTVKGRFTIFRDNAKNTVYLQMNNLEPEDTAVYYCATSLTTTHMRAREVDYWGQGTQVTVFS	1
MKYLLPTAAAGLLLLAAQPAMAQVQLQESGGGLVQPGGSLRLSCAASGSINSINTVGWYRQAPGKQRELVARITSGGSTNYADSVKGRFTISRDNAKNTVYLQMNTLKLEDTAVYYCLVSGISDYAFGSWGQGTQVTVSS	1
MKYLLPTAAAGLLLLAAQPAMAQVQLQESGGGSVQAGGTLKLSCEVSQDINSINALAWYRRPPGKERELVAVHSTGERRYALLSGDDNIYYADSVKGRFTTSRGNARNILYLQLSSLKPEDTAVYYCAKYPPVRDSEWGQGTQVTVSS	1
MKYLLPTAAAGLLLLAAQPAMAQVQLQESGGGLAQAGGSRRLSCAASGRTFSSTAMGWFRQAPGKEREGVSCISSSGGSTNYADSVKGRFTISRDNAKNTVYLQMNSLKPEDTAVYYCAAVVNGKYYPLCDGGMDYWGKGTQVTVSS	0
MKYLLPTAAAGLLLLAAQPAMAQVQLQESGGGLVQAGGSLRLSCAASGRTITNYPMGWFRRPPGKEREFVAAISRNDTITYYADSVKGRFTISRGNAKNTMYPQMNSLNSEDTAVYTCAARTTYSLLNHAYTRPGAYDYWGQGTQVTVSS	0
MKYLLPTAAAGLLLLAAQPAMAQVQLQESGGGLVQAGGSLTLSCAASGRTFSTDAMGWFRQAPGKEREVVATVSWGGGNTYYADTVTGRFTIFRDNAKNTVYLQMNNLEPEDTAVYYCATSLTTTHMRAREVDYWGQGTQVTVSS	1
MKYLLPTAAAGLLLLAAQPAMAQVQLQESGGGLVQAGGSLRLSCVASGSSFSINAMGWYRQAPGKQRELVATITKDGSTVYADSVKGRFTISRDNAKNTGYLQMNSLKPEDTAVYYCNADVGCWRRLCPPPWGQGTQVTVSS	0
MKYLLPTAAAGLLLLAAQPAMAQVQLQESGGGLVRAGESLKLSCAASGNIDSIQAMAWYRQAPGKERELVASTLSRGRTFYPDSMKGRFTISRDDAKKAVALQMNSLKPDDTAMYYCAASRKTKREDLYGMDYWGKGTQVTVSS	1
MKYLLPTAAAGLLLLAAQPAMAQVQLQESGGGLVRSGGSLRLSCAASGFSLDYYNIGWFRQAPDKDREGVSCISSSGSSTNYADSVKCRFTISRDNAKNTVYLQMNSLKPEDTAVYYCVVDDGRVGCTEARRTLAYDYWGQGTQVTVSS	0
MKYLLPTAAAGLLLLAAQPAMAQVQLQESGGGLVQAGGSLRLSCAASGRTFGNYNMGWFRQPPGKEREFVAALTWSGGSTYYADSVKGRFTLSRDNAKNTLYLQMNSLKPGDTSVYYCAAKIANKELDNWKKYIYWGQGTQVTVSS	1
MKYLLPTAAAGLLLLAAQPAMAQVQLQESGGGLVQAGGSLRLSCAASERTFSSAPMGWFRQAPGKERELAAAIRWGGNEAVYAESVKGRFTISRDNAKNTVDLQMNSLKPEDTAVYYCAAGPIYSGSYYYSDLGRYNYWGQGTQVTVSS	1
MKYLLPTAAAGLLLLAAQPAMAQVQLQESGGGLVQPGGSLRLSCTASGFALDYYAIAWFRQAPGKEREEVSCISSGGGLTKYGDSVKGRFTISRDNAKNTIYLQMNSLKPEDTAVYYCAAKGPFSISSANYCPFDFPSWGQGTQVTVSS	0
MKYLLPTAAAGLLLLAAQPAMAQVQLQESGGGLVQAGGSLRLSCAASGLSFGNYAMAWFRQSPGKEREFVAAIAWRAGDTYYADDAKGRFTISRGNAKLTVYLQMSNLKPEDTAVYYCAAAGYGKAFLVGPRAYDVWGQGTQVTVSS	1
MKYLLPTAAAGLLLLAAQPAMAQVQLQESGGGLVQPGGSLRLSCAASGFTLDYYDIGWFRQAPGKERKGVSCISGRGGSTRYADSVKGRFTIFRDNAKNTVYLQMDSLKSEDTAVYYSAADRFPDPCSLATTPLSGREYDYWGQGTQVTVSS	0
MKYLLPTAAAGLLLLAAQPAMAQVQLQESGGGLVQAGGSLRLSCIANGRTFNSYNMGWFRQAPGKEREFVAAITRNGDSTWYAEAVKGRFTISRDNTKKTVYLQMNNLKAEDTAAYYCADKILRTNVPTRDWGKGTQVTVSS	1
MKYLLPTAAAGLLLLAAQPAMAQVQLQESGGGLVQAGGSLRLSCVASGGTLNINKYAMGWFRQAPGKERDFVAVISYHGDSTNYADSVKGRFTVARDNAKNTVYLQMNSLKPEDTGVYYCAADRNYPDVDSTYYNYWGPGTQVTVSS	1
MKYLLPTAAAGLLLLAAQPAMAQVQLQESGGGLAQPGGSLRLSCVASGFSFSSYGMAWVRQAPGKGLELVSGIYSDGSSTYYEDPVKGRFTISRDNAKNTLYLQMNSLKPEDTALYYCATTKSGKNYLIKGPFDYLGQGTQVTVSS	1
MKYLLPTAAAGLLLLAAQPAMAQVQLQESGGGKVQPGGSLTLSCVGSGITFSGTVANWYRQAPGKQRELVARINPSGRTSIAASVKGRFAIARDDASNTVSLQMTNLTPEDTGVYLCNAYSYWGQGTQVTVSS	0
MKYLLPTAAAGLLLLAAQPAMAQVQLQESGGGLVQAGGSLRLSCAASGLSFGNYAMAWFRQSPGKEREFVAAIAWRAGDTYYADDVKGRFTISRDNAKLTVYLQMSNLKPEDTAIYYCAAAGYGKAFLVGPRAYDVWGQGTQVTSS	1
MKYLLPTAAAGLLLLAAQPAMAQVQLQESGGGLVQAGGSLRLSCAASGRTFSNYAMGWFRQAPGKEREFVARISRGGSITYYADSVKGRFTVSRDNAENTVYLQMNRLKPYDTAVYYCAAEDRAYGGRYTREYEYWGQGTQVTVSS	1
MKYLLPTAAAGLLLLAAQPAMAQVQLQESGGGLVQAGGSLRLSCAASGDIFSNYYMGWFRQAPGKEREFVAAISYTDVIRSYADSVKGRFTISRDSAKNTVYLQMSRLKPEDTAVYSCAARRWGIDRSPNYEYWGQGTQVTVSS	1
MKYLLPTAAAGLLLLAAQPAMAQVQLQESGGGLVQAGGSLRLSCAASGRTFSTYPMGWFRQAPGKEREFVAGISWSGSSTYYSDSVKGRFTLSRDNAKNTVYLQMNSLKPEDTAIYYCAACSARWIGITSNEYHYWGQGTQVTVSS	0
MKYLLPTAAAGLLLLAAQPAMAQVQLQESGGGLVQPGESLRLSCAASGRTDSRYAVAWFRQAPGKARELVSSISWDAGLTHYADFVKGRVAISRDNAKNMVYLQMNSLEFEDTAVYYCAAAYYDGSRLFKVIYDYWGQGNQVTVSS	1
MKYLLPTAAAGLLLLAAQPAMAQVQLQESGGGLVQPGGSLRLSCAASGFTLGDYAIGWFRQAPGAERKGISCINGIGSSTLYADSVEGRFTISRDSAKNTVYLQMNSLKPEDTAVYYCAAERARLSCSRAILPYDYRGQGTQVTVSS	0
MKYLLPTAAAGLLLLAAQPAMAQVQLQESGGGLVQPGGSLRLSCAASGFTFSRYWMYWVRQAPGKGLEWVSTINPSGGSTWYADSVKGRFTISRDNAKNTQYLQMNSLKSEDTAVYYCTSSGDFAYSDSTSWGQGTQVTVSS	1
MKYLLPTAAAGLLLLAAQPAMAQVQLQESGGGLVQPGGSLTLSCVASGFSLNYYAVAWFRQAPGKEREGVARINSDETRLYGDADSLKGRATISRDTAKNTVYLQMNNLQPEDTAMYYCARSRGDYVTLWEDNYDIWGQGTQVTVSS	1
MKYLLPTAAAGLLLLAAQPAMAQVQLQESGGGLVQAGESLRLSCAASVRLFSINVMGYWRQPPGKERELVALIRTGGSALYADSAKGRFAISSDDAKNTLYLQMNSLKPEDTAVYYCASQGGGDADYVNGPIVFGTPHVSDMDSWGKGTQVTVSS	1
MKYLLPTAAAGLLLLAAQPAMAQVQLQESGGGEVQAGDSLILSCTASGTAFSSYAMGWFRQAPGRVREFVAGIAWSGGGTRYADSVKGRFTVSRDNAKNTVYLQMNSLKLADTAVYFCAADGGQEHTNLVVTTASLYDYWGEGTQVTVSS	1
MKYLLPTAAAGLLLLAAQPAMAQVQLQESGGGLVQPGGSLRVSCAASGFTFSSYYMTWVRQVPGKGLEWVSTISPDGGATFYPDTVKGRFSISRDNAKNTLFLQMNDLKPEDTALYHCATARDYAVLSWGQGTQVTVSS	1
MKYLLPTAAAGLLLLAAQPAMAQVQLQESGGGLVQPGGSLRLSCVASGFAFDRHGIGWYRQSPGKEPEGVSCIRVTGANTIYADSVKGRFLATRDDAKNTVYLQMNSLKPEDTAVYYCGAFQPLHSLRDMCAVSAGGYAYRGQGTQVTVSS	0
MKYLLPTAAAGLLLLAAQPAMAQVQLQESGGGLVQPGGSLRLSCAASGFSFSNRWMYWVRQAPGKGLEWVSTITPRILTEYADSVRGRFTISRHDAKNTVYLQMNSLKPDDTAVYYCNLKDAFRKGNTYWGQGTQVTVSS	1
MKYLLPTAAAGLLLLAAQPAMAQVQLQESGGGLVQAGGSLRLSCIASGSTFSSYRMGWFRQAPGKEREFVACISRNAGAKYYADSVKGRFIISRDNAKNTVYLQMNGLKPEDTAVYYCAADNGGSFLYELHLTSREYNYWGQGTQVTVSS	0
MKYLLPTAAAGLLLLAAQPAMAQVQLQESGGGLVQPGGSLRLSCAASGSIFSINAMGWYRQAPGKQRELVAAITSGGSTNYADSVKGRFTISRDNAKNTVYLQMNSLKPEDTAVYYCNADSQSRGLRVVDYWGQGTQVTVSS	1
MKYLLPTAAAGLLLLAAQPAMAQVQLQESGGGLVQPGGSLRLSCAASGLTFSIYAMSWVRQAPGKGLEWVSDINSGGDSTHYADSVKGRLTISRDNAKNTVYLQMDRLKPEDTAVYYCATDRRSTIVAMPRRTDIGSWGQGTQVTVSS	1
MKYLLPTAAAGLLLLAAQPAMAQVQLQESGGGLVQPGGSLRLSCVPSESVFSFYAMAWYRQAPGKQRELVAAIISGGSTSYTDSVKGRFTISRDNAKNTLDLQMSSLKSEDTAVYYCNAQPFNFVRTTYWGQGTQVTVSS	1
MKYLLPTAAAGLLLLAAQPAMAQEQLQESGGGLVQAGGSLRLSCAVSGVTKTGMLNTVAWYRQTPGKQRQLVASIDRGGISHYADSVKERFSISRDNARNMVYLQMTSLKVEDTAVYYCNAHYTDYDAYDLRDYDNWGQGTQVTVSS	1
MKYLLPTAAAGLLLLAAQPAMAQVQLQESGGGLVQPGAALRLSCVVSGGSFGDYAVSWWRHKEREFVATIDWSGYSPHYGEFVNSRFRIFRDDRKKTVYLQMNNLPPEDMGVYYCAAGTTMGSDWDRQYDYWGQGTQVTVSS	1
MKYLLPTAAAGLLLLAAQPAMAQVQLQESGGGSVQPGGSLRLSCAASGLTFSNYFMKWYRRAPGKERELVAGIGTGGISTSYAESVKGRFTVSRDNAKNTLYLQMNSLKPEDTGVYYCNAWNYWGQGTQVTVSS	1
MKYLLPTAAAGLLLLAAQPAMAQVQLQESGGGLVQPGGSLRVSCVVDVVSLDYYHVGWFRQAPGKEREGVSCISGSSGRTNIADSVKGRFTISRDSAENTVYLQMNSLIPEDTAIYHCAATLGDVCSGAISVGLGDQYWGQGTQVTVSS	0
MKYLLPTAAAGLLLLAAQPAMAQVQLQESGGGLVQPGDSLRLSCAVSGFTPDDYAIGWFRQAPGKAREGVACITSSEGTTHYANSAKGRFTISIDNTKNIVYLQMNNLRPEDTAVYYCAAARAIPAFIQHGIDSWGQGTQVTVSS	0
MKYLLPTAAAGLLLLAAQPAMAQVQLQESGGGLVQAGGSLRLSCALASGAMGWFRQTPGNERVLAAAISRNSGTTYYTESVKGRFAISRDNAKNTMYLQMNSLKPEDTAVYFCAARKAWAVATTIDEYDYWGQGTQVTVSS	1
MKYLLPTAAAGLLLLAAQPAMAQVQLQESGGGLVQPGGSLRLSCRASGLTFSIYAMSWVRQAPGKGLEWVSDINSGGDTTYYADSVKGRFTMSRDNAKNTVYLQMNSLKPDDTAVYYCATDRRATISTMPRRADFGSWGQGTQVTVSS	1
MKYLLPTAAAGLLLLAAQPAMAQVQLQESGGGSVQAGGSLRLSCTASGVIFSRNAIGWYRQASGKQRELVAHISSGSTTYADSVKGRFTISRDNAKNTVYLQMNSLKPEDTAVYYCAVHVNWGNDYWGQGTQVTVSS	1
MKYLLPTAAAGLLLLAAQPAMAQVQLQESGGGLVQSGESLRLSCVASGFSLSEYAVGWLRQAPGKEREGVSCLSGSDRVTFYADSVKGRFTISRDKAKNTVYLAMDNVKPEDTAVYYCATTVCDSHWHPGQFDYTGPGTQVTVSS	0
MKYLLPTAAAGLLLLAAQPAMAQVQLQESGGGLVQAGGSLRLSCAASGRTFSSYDVGWFRQAPGKEREFVAAITWSGGNTYYADSVKGRFTISRDNAKNTVYLQMNSLEPEDTAVYYCVASRGSYYLTLKERYDYRGQGTQVTVSS	1
MKYLLPTAAAGLLLLAAQPAMAQVQLQESGGGLVQSGGSLRLSCAASGFSLDYYAIGWSRQAPGKEREGVSRISIDGSTHYIESVKGRFTIFRDNAKNTVYLQMNSLKPEDTAVYYCGTNPEPLCGSTWYGSTLNWGQGTQVTVSS	0
MKYLLPTAAAGLLLLAAQPAMAQVQLQESGGGLVQPGGSLRLSCAASGFTSAYYAIGWSRLAPGKEREGASCISIDGSTHYIESVKGRFTIFRDNAKNTVYLQMNSLKPEDTAVYYCGTNPEPLCGSTWYGSTLNWGQGTQVTVSS	0
MKYLLPTAAAGLLLLAAQPAMAQVQLQESGGGLVQPGGSLRLSRAASGFTFGTYDMSWVRQAPGEGTEWVSAINSDDGSTTYADSVKGRFTISADNAKNTLYLQMNSLKPEDTAVYYCTLGDGRSWHYYGMDYWGKGTQVTVSS	0
MKYLLPTAAAGLLLLAAQPAMAQVQLQESGGGLVQPGGSLRLSCAASGFSLDYYNIGWFRQAPDKDREGVSCISSSGSSTNYADSVKGRFTISRDNAKNTVYLQMNSVKPEDTAVYYCVVDDGRVGCTEARRTLAYDYWGQGTQVTVSS	0
MKYLLPTAAAGLLLLAAQPAMAQVQLQESGGGLVQPGGSLRLSCAASKFTVAYYDIAWFRQAPGKEREGVSCISSYDGSTYCADSVKGRFTISRDNAKNTVYLQMNSLKPEDTAIYFCATDHTGAPKCSMKTIGEYNYRGQGTQVTVSS	0
MKYLLPTAAAGLLLLAAQPAMAQVQLQESGGGLVQPGGSLRLSCVTSGVSLDWFDIGWFRQAPGKEREGVSCISSSGRRTYYADSVKGRFTISRDNGKNTVYLQMNSLKPEDTAVYYCATVIGRYSGTFYCDIDHDKWGQGTQVTVSS	0
MKYLLPTAAAGLLLLAAQPAMAQVQLQESGGGLVQPGGSLRLSCAASGSIFSINDMAWYRQAPGKQRELVAHLSGGVSTNYADSVKGRFTISRDNAKNTVSLQMNSLKSEDTAVYYCYANLRTTDWGRWYDYWGQGTQVTVSS	1
MKYLLPTAAAGLLLLAAQPAMAQVQLQESGGGLVQPGGSLRLSCKASGVTSGPYTMNWNRYRQVPGKVRELVAGISDGGNANYADSVKGRFSISRDHAQHTVHLQMNALKPEDTAIYYCNCDYSDYDEILETGSQYDFWGQGTQVTVSS	0
MKYLLPTAAAGLLLLAAQPAMAQVQLQESGGGLVQPGGSLRLSCAASGSIFSINVMGWYRQAPGKQRELVATITRGLTTNYADSVKGRFAISRDNAKNTVYLQMDSLKPEDTAAYYCNAESGRLREAPYWGQGTQVTSS	1
MKYLLPTAAAGLLLLAAQPAMAQVQLQESGGGLVQPGESLRLSCAASGRTDSRYAVAWFRQAPGKARELVSSISWDAALTHYADFVKGRFAISRDNAKNTVYLQMNSLEPEDTAVYFCAADPYNRLSRDPVHFGSWGQGTQVTVSS	1
MKYLLPTAAAGLLLLAAQPAMAQVQLQESGGGLVQPGGSLRLSCAASGSTLDYYVIGWFRQAPGKEREGVSCVSPSGRETYYADSVKDRFTVSRDNAKNMVYLQMDSLKPEDTAVYYCAAENQVVTYVRAMCDHFGFGSWGQGTQVTVSS	0
MKYLLPTAAAGLLLLAAQPAMAQVQLQESGGGLVQAGGSLRLSCAASAPPLSRYGMGWFRQAPGKEREFVASIRWSDGSTSYGDSVKGRFTASSDNAKNTVYLQMNSLKPEDTAVYYCAANPRGLGYDYWGQGTQVTVSS	1
MKYLLPTAAAGLLLLAAQPAMAQVQLQESGGGLVQAGGSLRLSCAASELLFRNYAMAWFRQAPGTEREFVAGVGSSGGVRSYKESVKGRFTISRDNAKNTVYLQMNALKPEDTAVYYCAAGPALSRGEQTYTYWGQGTQVTVSS	1
MKYLLPTAAAGLLLLAAQPAMAQVQLQESGGGVVQPGGSLRLSCAASGIIFGINSLYWYRQAPGKQRELVAHITPSGTQTYAGSVKGRFTISRDNAKSTVDLQMSSLKPEDTAVYYCKSRDLQRPMNKYWGQGTQVTVSS	1
MKYLLPTAAAGLLLLAAQPAMAQVQLQESGGGLVQPGGSLRLSCAASGLTFSIYAMSWVRQAPGKGLEWVSDTNSGGDNTYYADSVKGRFTISRDNAKNTVYLQMDRLKPEDTAVYYCATDRRSTIVAMPRRTDFGSWGQGTQVTVSS	1
MKYLLPTAAAGLLLLAAQPAMAQVQLQESGGGLVQSGGSLRLSCAASGFSLDYYNIGWFRQAPDKDREGVSCISSSGSSTNYADSVKGRFTISRDNAKNTVYLQMNSLKPEDTAVYYCAATVQGITTVQAMCATSQYMKYGGKGTQVTVSS	0
MKYLLPTAAAGLLLLAAQPAMAQVQLQESGGGLVQAGGSLRLSCAASGRTFSDNTMGWFRQAPGKEREFVAYISWSGSIKSYTDSVKGRFTISRDNAKNTVYLQMNSLKPEDTAVYYCAAHRKPYYSHDEEDFGSWGQGTQVTVSS	1
MKYLLPTAAAGLLLLAAQPAMAQVQLQESGGGLVQPGGSLRLSCYASGFTLPDYYIGWFRQAPGKKHEGVSCISDSGGTNYADSVKGRFTIARDDAKNTVYLQMNSLEPEDTGVYYCTAQRAGYASCHTYDYGMEYWGKGTQVTVSS	0
MKYLLPTAAAGLLLLAAQPAMAQVQLQESGGGLVQPGGSLRLSCAASGFTLDYYNIGWFRQAPGKACKGVSCVSGRGGSTRYADSVKGRFTIFRDIAKNTVYLQMDSLKSEDTAVYYCAADRFPDPCSLATTRLSGREYDYWGQGTRVTVSS	0
MKYLLPTAAAGLLLLAAQPAMAQVQLQESGGGSVQPGGSLRLSCVGSEINLDYYAVGWFRQAPGKEREGLSCISSSRGSINYADSVKGRFTMSRNNDKSAVYLQLDNLKPEDTGIYYCAAQVPPVSCYEVGQAGIIRTMYDYRGQGTQVTVSS	0
MKYLLPTAAAGLLLLAAQPAMAQVQLQESGGGLVQDGGSLGLSCLANGRTRENIIMAWFRQVPGKDREFVASISWTGGGLNYGDSVEGRVTISRDKLKNTVYLQMSGLKTEDTAIYYCAAGGSGARGSTQPASYQYWGQGTQVTVSS	1
MKYLLPTAAAGLLLLAAQPAMAQVQLQESGGGLVQPGGSLRLSCAASGSIFGIYNMGWYRQAPGKERELVAAITSGGSTNSADSVKGRFTISRDNAKNTVYLEMNSLKPEDTAVYYCNARHPIVVRLKYWGQGTQVTVSS	1
MKYLLPTAAAGLLLLAAQPAMAQVQLQESGGGVVQAGGSLRLSCSCVVPGNTFDIIGSGWYRQTPGKQRDLVATITKGDNIHYVDSVKGRFTISRDNAENTAYLQMNSLKPEDTAVYYCNADVVVIDSTFGDRTRATYWGQGTQVTVSS	0
MKYLLPTAAAGLLLLAAQPAMAQVQLQESGGGLVQSGGSLRLSCAASGFSLDYYNIGWFRQAPDKDREGVSCISSSGSSTNYADSVKGRFTISRDNAKNTVYLQMNSQKPEDTAVYYYVVDDGRVGCTEARRTLAYDYWGQGTQVTVSS	0
MKYLLPTAAAGLLLLAAQPAMAQVQLQESGGGLVQPGGSLRLSCAASGFTFDDYAMSWVRQTPGKGLEWVSAISWNGGTTYYAESMKGRFTISRDNAKNTLYLQMNSLKSDDTAVYYCAKDTDLGWNFVSWGQGTQVTVSS	1
MKYLLPTAAAGLLLLAAQPAMAQVQLQESGGGLVQAGDSLRLSCAASGFTFETYDMSWVRQAPGKGPEWVSGIRWGTGNTHYADSVKDRFTISRDNAKNTLYLQMNSLKPEDTAVYYCATAWTAHYWGQGTQVTVSS	1
MKYLLPTAAAGLLLLAAQPAMAQVQLQESGGGLVQPGGSLRLSCLASGFPFGMFSMSWVRQVQGKAPEWVSAIDSNGERTYYDDSVKGRFTISRDNAKNTMYLQMDKLKPEDAAMYFCEKGRWTETLARSAQGTQVTVSS	1
MKYLLPTAAAGLLLLAAQPAMAQVQLQESGGGLVQPGGSLRLSCEASLFTLDDYAIAWFRQAPGKGHQGVSCISSSDGSATYADSVKGRFTISRDTAKNRFYLQMNGLKPEDTAVYYCAIEGRGLLFTPCVLAMSGYDIWGQGTQVTVSS	0
MKYLLPTAAAGLLLLAAQPAMAQVQLQESGGGLVQTGGSLRLSCAASGSTFRDNAIGWWRQPPDGKRELVAFISSEFRTTYADSVKGRFTISRDNDKNTVYLQMNSLKPEDTAVYYCNGPAYRYRIGEPGYEYWGQGTQVTVSS	1
MKYLLPTAAAGLLLLAAQPAMAQVQLQESGGGLVQAGGSLRLSCAASGRTFSSYATGWFRQAPGKEREFVAAISWSGGSTYYADSVKGRFTISRDNANNTVYLQMNSLKPEDTAVYYCAAERARLSCSRAILPYDYWGQGTQVTVSS	0
MKYLLPTAAAGLLLLAAQPAMAQVQLQESGGGLVQAGGSLRLSCAASGRTFGNYAMGWFRQAPGKEREFVAAISWSGGSTYYADSVKGRFTISRDNANNTVYLQMNSLKPEDTAVYACAADLLYHPGSWNDYWGRGTQVTVSS	0
MKYLLPTAAAGLLLLAAQPAMAQVQLQESGGGLVQPGGSLRLSCAASGFTLDYYAVAWFRQAPGKAREGVSCINISGGFTNYADSVKGRFTISRDNANNTVYLQMNNLKPEDTAVYYCAADKYCQGHVVKYPEYWGQGTQVTVSS	0
MKYLLPTAAAGLLLLAAQPAMAQVQLQESGGGLVRPGGSLTLSCAVSGIGISGNTMEWYRQAPGKQRELVAFITSGGNTDYSDAVKGRFTISRDNAKNTVYLQMNSLKPEDTAVYYCAAGTNWSPKAEYNYWGQGTQVTVSS	0
MKYLLPTAAAGLLLLAAQPAMAQVQLQESGGGLVQAGGSLTLSCAASGRTFSTDAMGWFRQAPGKEREFVATVSWGGGNTYYADTVKGRFTIFRDNAKNTVYLQMNKLEPEDTAVYYCATSLTTTRMRAREVDYWGQGTQVTVSS	1
MKYLLPTAAAGLLLLAAQPAMAQVQLQESGGGLVQAGDSLRLSCVDSGRTFSSYSMGWFRQAPGKEREFVAAITWAGGSTYYADSVKGRFTISRNNAKNTVYLQMNSLKPEDTAVYYCAAGDSSYHLRAYEYDYRGQGTQVTVSS	1
MKYLLPTAAAGLLLLAAQPAMAQVQLQESGGGLVQPGGSLRLSCAASGFTFGSYDMSWVRQAPGKGPEWVSAIDSGGGSTYYADSVKGRFTISRDNAKNTLYLQMNSLKPEDTDVYYCATDYWLGYGCYPETWGQGTQVTVSS	0
MKYLLPTAAAGLLLLAAQPAMAQVQLQESGGGLVQAGGSLKLSCVASVSLIGFDDMHLYRQAPGKERDLVATLHIGGSTWVEDSVKGRFTISTDNAKNTMYLQMNSLKPEEKAMYYCAVRLEDATMDIEEDYWGRGTEVNVSS	0
MKYLLPTAAAGLLLLAAQPAMAQVQLQESGGGLVQPGGSLGISCAASGSTLDGYAIGWFRQAPGKEREEISCIESIDGSTNYADSVKGRFTISRDNAKNTVSLQMNSLKSEDTAVYYCAAAPFCAILHHEYDYRGQGTQVTVSS	0
MKYLLPTAAAGLLLLAAQPAMAQVQLQESGGGLVQPGGSLRLSCAASGSIFGIYFMGWYRQAPGKQRELVATITDDGTTNYADSVKGRFTISRDNAKNTLYLQMNSLKPEDTAVYYCNLWRLGDYWGQGTQVTVSS	1
MKYLLPTAAAGLLLLATQPAMAQVQLQESGGGLVQPGGSLRLSCAASGFTLDYYAIGWFRQAPGKEREGVSCISSSGGSTNYADSVKGRFTISRDNAKNTVYLQMNSLKPEDTAVYYCAAEIQGRRLFSQFCWSGYDGMNYWGKGTQVTVSS	0
MKYLLPTAAAGLLLLAAQPAMAQVQLQESGGGLVQAGGSLRLSCAASGRTFSIVHIGWFRQAPGKEREFVARVGWDVGSMIAADSVKGRFTCSKDNAENMVYLQMNSLRPEDTAVYYCAVRVGASWAYWGQGTQVTVSS	0
MKYLLPTAAAGLLLLAAQPAMAQVQLQESGGGLVQAGDSLRLSCAASGRTFSNYAMGWFRQAPGEEREFVAAISWSGGSTYFVDSVKGRFTISRDNAKNTVYLQMNSLKPEDTAVYYCAANSKFRGSWYSRYNTLEEYDYWGQGTQVTVSS	1
MKYLLPTAAAGLLLLAAQPAMAQVQLQESGGGLAQPGGSLRLSCRFTSSGYCMSWVRQAPGKGREWVSGIAFDGRLTYYADSVKGRFTISRDNAKKTVYLQMDNLKPEDTGLYVCAKELGGSCHGNFGFEGQGTQVTVSS	0
MKYLLPTAAAGLLLLAAQPAMAQVQLQESGGGLVQAGDSLRLSCVASVRTFSDFAMGWFRQAPGKEREFVAAISTSGVSTYYADSVKGRFTISRDDAKSTMYLQMNSLKPEDTGLYYCAADGRGYGTMLIAQEYDYWGQGTQVTVSS	1
MKYLLPTAAAGLLLLAAQPAMAQVQLQESGGGLVQAGGSLRLSCAASGRTFSNYAWGWFRQVPGKDREFVARISRGGSITYYADSAKGRFTVSRDNAENTVYLQMNSLKPEDTAVYYCAAAVRPYGGHDTREYDYWGQGTQVTVSS	1
MKYLLPTAAAGLLLLAAQPAMAQVQLQESGGGLVEAGDSLRLSCAASGRTINTYNMGWFRQAPGQEREFVAAINWGGGIREYADSVKGRFTISRDNAKNTVYLQIGSLKPEDTAVYYCAADRVPGMTVVAGEYAYWGQGTQVTVSS	1
MKYLLPTAAAGLLLLAAQPAMAQVQLQESGGGSALPGESLRLSCSPDRSSVQHYAIGWFREAPGKGREPLTCLSSSGRNSVYVDAVKGRFTISKDNTKNVVYLQMNDLKPEDTAVYYCNDALERDDYDYWGQGTQVTVSS	0
MKYLLPTAAAGLLLLAAQPAMAQVQLQESGGGLVQPGGSLRLSCAASGLTMDYYAIGWFRQAPGKERERVSCISSSDGNTYYTDSVKGRFSISRDNAKSTVYLQMNSLKPEDTAVYYCAALEFLFLVRTMCELDPQFQYWGQCTQVTVSS	0
MKYLLPTAAAGLLLLAAQPAMAQVQLQESGGGMVQPGGSLRLSCAASGFTFSSYDMGWVRQAPGKGPEWVSSINTGGDTTYYADSVKGRFTISRDNAKNTLYLQMNSLKPEDMAVYYCWANGTPYLGSFGDPREAWGQGTQVTVSS	0
MKYLLPTAAAGLLLLAAQPAMAQVQLQESGGGLVQPGGSLRLSCAASGFTLDNYNIGWFRQAPGKERKGVSCISGRGGSTGYADSVKGRFTIFRDNAKNTVYLQMDSLKSEDTAVYYCAADRFPDPCSLATTPLSGREYDYWGQGTQVTVSS	0
MKYLLPTAAAGLLLLAAQPAMAQVQLQESGGGLVQPGGSLRLSCSASGFTFSHSAMTWARQKPGQGLLEWLSTIYSYGNPYYSDSVKGRFTISRDSAKNTMYLQMNSLKPEDTAVYYCAAKSKRFGLAGVNGYDYWGQGTQVTVSS	1
MKYLLPTAAAGLLLLAAQPAMAQVQLQESGGGLVQPGGSLRLSCAASGSSSNANTMGWYRQAPGKQRELAAAIISGGTTTYADSVKGRFTISRDNAKNTVYLQMNSLTPEDTAVYYCNRAGAWGPYGYWGQGTQVTVSS	1
MKYLLPTAAAGLLLLAAQPAMAQVQLQESGGGLVQPGGSLRLSCAASGFTLDYYNIGWFRQAPGKERKGVSCISSVDGSTYYADSVKGRFTISRDNAKNTVYLQMNSLKPEDTAVYHCAAATGSYCDPSYNPLSYRYWGQGTQVTVSS	0
MKYLLPTAAAGLLLLAAQPAMAQVQLQESGGGSVHAGGSLRLSCKVSGESLDYYAVGWYRQGPGEEREGVSCISSSGTTTNYAESVKGRFIISRDNTDNTVYLQMNDPKPEDTAVYVCAAGYYGHRRPGCAVAHWKGEYDWWGQGTQVTVSS	0
MKYLLPTAAAGLLLLAAQPAMAQVQLQESGGGLVQAGGSLRLSCAASGRTFSNYAWGWFRQVPGKDREFVARISRGGSITYYADSVKGRFTVSRDNAENTVYLQMNSLKPEDTAIYYCAANTERTYSTNWFSSYDYDYWGLGTQVTVSS	1
MKYLLPTAAAGLLLLAAQPAMAQVQLQESGGGLVQPGGSLNLSCTASGESLDFRTIGWFRQAPGKERAGVACINHSGGTIHYAHSVKGRFTVSRSNSKNTAWLQMNDLRPEDTGVYYCAHDYAGYVCYDNIFAGFGNWGQGTQVTVSS	0
MKYLLPTAAAGLLLLAAQPAMAQVQLQESGGGLVQPGGSLRLSCAASGFTLDYYNIGWFRQAPGKERKGVSCISGRGGSTRYADSVKGRFTIIRDNAKNTVYLQMDSLKSEDTAVYYCAADRFPDPCSLATTPLSGREYDYWGQGTQVTVSS	0
MKYLLPTAAAGLLLLAAQPAMAQVQLQESGGGLVQAGGSLRLSCAASRTTITVYYMGWVRQAPGKEREEREFVAAINWSGTMRSYADSAKGRFTISRDNAKETMYLQMNSLKPEDTAVYYCAASPIGLTRAPYQYAYWGQGTQVTVSS	0
MKYLLPTAAAGLLLLAAQPAMAQVQLQESGGGLVQAGGSLGLSCRASGNSDSINAMGWYRQAPGEERDVVAVISGGGSTYYVDSVKSRFTISRDYGENMPYLQMNSLKPEDTAMYYCAACRVDCSFLSGMDYWGKGTQVTVSS	0
MKYLLPTAAAGLLLLAAQPAMAQVQLQESGGGLVQAGGSLRLSCVATGRTFLFGNVAWFRQTPGKDRELVARITWANGTTNYADSVRGRFTIFREDNSVYLQMNVLQPEDTAVYTCSVQRRFAAGYGLWGQGTQVTVSS	0
MKYLLPTAAAGLLLLAAQPAMAQVQLQESGGGLVQPGGSLRLSCVASGFTLEPYAIGWFRQAPGKEPEAVSCISRTARNIQYLDAVKGRFTISRDNAENTVYLQMNSLKPEDTAVYHCAADCLIPGQGTQVTVSS	0
MKYLLPTAAAGLLLLAAQPAMAQVQLQESGGGLVQAGGSLRLSCTASGSDFSTVAMGWFRKGPGKERDFVAGISWSGRTTDYADSVKGRFTISRDNAKNTVYLQMDNLKPEDTAVYYCGVDYGIGRVQETMCELGPWYDSWGQGTQVTVSS	0
MKYLLPTAAAGLLLLAAQPAMAQVQLQESGGGLVQPGGSLRLSCVVSSGSIFRIYSMGWYRQGPGKQRELVAVITNGGSTNYADSVKGRFTISRDNAKNTVYLQMNSLKSEDTAVYYCNVHYPYDYWGQGTQVTVSS	1
MKYLLPTAAAGLLLLAAQPAMAQVQLQESGGGLVQPGGSLRLSCATSAFTSDLYAIGWFRRDPGKEAEGISCISNTDGRTYYKESLKGRFTISRDNANNAVYLQMNNLTPEDTGIYSCAVETRAPTPVDAMCIKRRFSYWGQGTQVTVSS	0
MKYLLPTAAAGLLLLAAQPVMAQVQLQESGGGLVQPGGSLRLSCAASRSIFSSNTMGWYRQAPGKQRELVASITGGGSTDYADSVKGRFTISRDNAKISVYLQMNSLKPEDTAVYYCNTDPPLGDWSGLPDYWGRGTQVTVSS	1
MKYLLPTAAAGLLLLAAQPAMAQVLLQESGGGLVQPGGSLRLSCAASGIVAINTMGWYRQAPGKQRELVARVTGGGIIKYADSVKGRFTISRDNAKNTVYLQMNSLKPEDTAVYYCNANRWGSDYWGQGTQVTVSS	1
MKYLLPTAAAGLLLLAAQPAMAQVQLQESGGGLVQAGGSLRLACAASGPTSSGYAVGWFRQAPGKEREFVAGISWSGKSTNYVESVKGRFSVSRDDVKNMVTLQMNSLNPEDTAVYYCAATKSYFSGLVYVEYDAYHYWGQGTQVTVSS	1
MKYLLPTAAAGLLLLAAQPAMAQVQLQESGGGLVQPGGSLRLSCAASGRTFSDYTMAWFRQAPGEKREFVGLISWIDNTYVQNSVKGRFTISREIPKNTVYLHMNSLKPEDTAVYYCAARFRGSFLEETTTGYDYWGQGTQVTVSS	1
MKYLLPTAAAGLLLLAAQPAMAQVQLQESGGGLVPVGGSLRLSCAASGRTFSDYAMGWFRQAPGKERNFVGVITWSGGTTMYADSVKGRFTISRDNANSMVYLQMNSLKPEDTAVYYCAAHLSGDGWTWYDAGEYQHWGQGTQVTVSS	1
MKYLLPTAAAGLLLLAAQPAMAQVQLQESGGGLVQPGGSLRLSCAASGFTLDNYNIGWFRQAPGKERKGVSCISGRGGSTRHADSVKGRFTIFRDNAKNTVYLQMDSLKSEDTAVYYCAADRFPDPCSLATTPLSGREYDYWGQGTQVTVSS	0
MKYLLPTAAAGLLLLAAQPAMAQVQLQESGGGLVQAGDSLRLSCTASGRTFSGYFMGWFRQVPGKERAFVAAINGNGVSTYYGDSVKGRFTISRDSAKNTVYLQMNSLTPEDTGVYYCAANRDGMRLGRNDYWGQGTQVTVSS	1
MKYLLPTAAAGLLLLAAQPAMAQVQLQESGGGLVQPGGSLRLSCIASGSTFSSYRMGWFRQAPGKEREFVAAISHFGISTYYADSVKGRFTISRDNAKNIVYLQMNSLKPEDTASYYCAADGDPYHRNYERLGEYDYWGQGIQVTVSS	1
MKYLLPTAAAGLLLLAAQPAMAQVQLQESGGGLVQAGGSLKLSCAASGSSESNYAMGWFRQAPGKEREFVAAISWSGGSTYYADSVKGRFTISRGNAKNTVYLQMNSLKPGDTAVYYCAAGPTGPGKYWGRGTQVTVSS	1
MKYLLPTAAAGLLLLAAQPAMAQVQLQESGGGLVQAGDSLRLSCAAPGLTLRSAAMGWFRQAPGKQREFVAGITRSGSSTYYTDSVKGRFAISRDNAKNTVYLQMNSLKPEDTAVYSCAAQIAWGGVIGGLERVGNYDYWGQGTQVTVSS	1
MKYLLPTAAAGLLLLAAQPAMAQVQLQESGGGSVQPGGSLRLSCAASRMIADYDVVGWFRQAPGKEREGVSCITMRDTFTQSDGTTYYANFVKGRFTISRDNGRNTVYLQMNSLRPGDTAIYYCATACKLPAEGVMITSSRDTWGQGTQVTVSS	0
MKYLLPTAAAGLLLLAAQPAMAQVQLQESGGGLVQAGGSMRLSCAASVKPTFSNYAMGWFRQAPGKEREVVATISRLGVSTYYADSVKGRFTISRDNAKNLVYLQMNNLKPEDTAVYYCAASARGASDPQYFGSWGQGTQVTVSS	1
MKYLLPTAAAGLLLLAAQPAMAQVQLQESGGGLVQPGGSLRLSCVASGFSFVNYAMTWVRQAPGKGLEWVSTISWNGELAYYGEFMKGRFTISRDNAKNTLYLQMNSLRSEDTAVYYCAKGFDQRWLLYAWVFGSWGQGTQVTVSS	1
MKYLLPTAAAGLLLLAAQPAMAQVQLQESGGGLVQPRGSLRLSCAASGSIAGINDMAWYRQAPEKPREAVATITEDGITLYKSSVMGRFIISRDNAKNTVYLQMNSLKPEDTAVYYCYADVERAPRPGSRWSVWGQGTQVTVSS	1
MKYLLPTAAAGLLLLAAQPAMAQVQLQESGGGSVQPGGSLKLSCDAASTIFSSSAMSWYRQAPGKERELVAKVTSGGSTTYADAVKGRFTISRDDVKMMVYLQMDRLKPEDTGVYYCHVGSDPDDYSDYVNEYHLWGLGTQVTVSS	1
MKYLLPTAAAGLLLLAAQPAMAQVQLQESGGGLVQAGGSLRLSCKASGRTFSTYATGWFRQAPGKEREFVAMIGYRARTLEYADSVKGRFTISRDNAKNMVYLQMNSLKPEDSAVYYCAANKNGPGRGQYGYWGLGTQVTVSS	1
MKYLLPTAAAGLLLLAAQPAMAQVQLQESGGGLVQPGGSLRLSCVNSGIIRSFNAMGWHRQAPGKQRELVAAITSGGSTTYADTAKGRFTISGDIAKNTVYLQMNSLKPEDTGVYYCSKGTYYYGDYRASPGYWGQGTQVTVSS	1
MKYLLPTAAAGLLLLAAQPAMAQVQLQESGGGLVQPGGSLRLSCAASGFTFSSYAMSWVRRAPGKGLEWVSHISTSGGFTTYLDSVKGRFTISRDNAKNMLYLQMSSLKPEDTAVYYCAESRVMVGASYAAYVDKWTQVTVSS	1
MKYLLPTAAAGLLLLAAQPAMAQVQLQESGGGLVQPGRSLGLSCVASGNIFSIGTMAWYRQVPGKERELVATTTRDGDINYADTVKGRFTASRDNAQKTVYLQMSSLKPEDTAVYYCHALIATSRTHAEAFWGQGTQVTVSS	1
MKYLLPTAAAGLLLLAAQPAMAQVQLQESGGGLVQPGESLRLTCAATGRTDSRYAVAWFRQAPGKARELVSSISWDAGLTHYADFVKGRFAISRDNAKNMVYLQMNSLEFEDTAVYYCAAAYYDGSRLFKVIYDYWGQGTQVTVSS	1
MKYLLPTAAAGLLLLAAQPAMAQVQLQESGGGLVQPGGSLRLSCAASGFILDYYAIGWFRQAPGKEREGVSCISGSGGSTTYADSVKGRFTISRDNAKNTVYLQMNSLKPEDTAVYSCAAVVQGKLFPLCEDYGMDYWGKGTQVTVSS	0
MKYLLPTAAAGLLLLAAQPAMAQVQLQESGGGLVKPGGSLRLSCQASGLTFGIYAMSWVRQAPGKGLEWVSDINSNGHNEYYADSVKGRFTISRDNAKNTVDLQMSRLKPEDTGVYYCATDRRTTIRDMPTRADFGSRGQGTQVTVSS	1
MKYLLPTAAAGLLLLAAQPAMAQVQLQESGGGLVQPGGSLRLSCAASGFTLDYYNIGWFRQAPGKEREGVSCISGRGGSTRYADSVKGRFTILRDNAKNTVYLQMDSLKSEDTAVYSCAADRFPDPCSLATTPLSGREYDYWGQGTQVTVSS	0
MKYLLPTAAAGLLLLAAQPAMAQVQLQESGGGLVQAGGSLRLSCVASGRTFSSYRMGWFRQAPGKEREFVAAISVNGGATRYSESVKGRSTISRDNAKNTVFLQMNSLKPEDTAVYSCAADEGAEGVFDYWGQGTQVTVSS	1
MKYLLPTAAAGLLLLAAQPAMAQVQLQESGGGLVQAGGSLRLSCSASGSVSRINRWRWYRQAPGAQRELVAIITSGGITNYHDSVRGRFTISRDDASHSASLQMNDLKPEDTAVYSCAASIDPDDSQHYWGQGTQVTVSS	1
MKYLLPTAAAGLLLLAAQPALAQVQLQESGGGLVQPGESLRLSCAASGHTDSRYAVAWFRQAPGKARELVSSISWDAGLTHYADFVKGRFAISRDNAKNMVYLQMNSLEFEDTAVYYCAAAYYDGSRLFKVIYDYWGQGTQVTVSS	1
MKYLLPTAAAGLLLLAAQPAMAQVQLQESGGGLVQAGGSLRLSCTASGRSISTYAVAWFRQAPGKEREFVAAISWSGGSTYYAESVKGRFTISRDNAKSTVYLQMNSLKPEDTAVYYCAASRKWGGTSYRDFGSWGQGTQVTVSS	1
MKYLLPTAAAGLLLLAAQPAMAQVQLQESGGGLVQAGGSLRLSCIASGSTFSSYRMGWFRQAPGKEREFVAAISHFGISTYYVDSVKGRFTISRDNAKNIVYLQMNSLKTEDTASYYCAADGDPYHRNYERLGEYDYWGQGTQVTVSS	1
MKYLLPTAAAGLLLLAAQPAMAQVQLQESGGGLAQSGGSLRLSCSVFGNIWSINDMAWYRQRPGKAREFVASISSGGFTNYADSVKGRFTISRDNAVNMMWLQMDSLTPKDTAEYYCNAEVDYPRGAMSYWGEGTQVTVSS	1
MKYLLPTAAAGLLLLAAQPAMAQVQLQESGGGLVQPGGSLRLSCAASGFFFSSYVMSWHRQAPGKERELVASITSDGSTTSYANSVKGRFTISRDNAKNTVSLQMSSLKPEDTAVYYCKAAGGDLGRLSYWGQGTQVTVSS	1
MKYLLPTAAAGLLLLAAQPAMAQVQLQESGGGLVQPGTLKLVESGGGLVQPGGSLRLSCAASDVNLELYAIGWFRQAPGQEREAISCISPTGDSTQYSDSVKERFTISRDNAKNTVYLQMNSLKPEDTAVYYCAAEDTGDMADYWGKGTQVTVSS	0
MKYLLPTAAAGLLLLAAQPAMAQVQLQESGGGLVQPGGSLRLSCAASGRTDSRYAVAWFRQAPGKERELVSAISWNDGLTHYADSVTGRFAISRDNAKNTVYLQMNSLDPEDTAVYYCAAAYYDGSRLFKAIYDYWGQGTQVTVSS	1
MKYLLPTAAAGLLLLAAQPAMAQVQLQESGGGLVQPGGSLRLSCAASGFTFSSYAMSWVRQAPGKGLEWVSDINSGGDSTYYADSVKGRFTISRDNAKNTVCLQMDRLKPEDTAVYYCATDRRSTIVTMPRRTDFGSWGQGTQVTVSS	0
MKYLLPTAAAGLLLLAAQPAMAQVQLQESGGGLVQAGGSLRLSCLASGRTFSNYGMGWFRQAPGKEREFVSGITRSGLITRTIDSVKGRFTISRDNAKNTVYLQMNNLQPEDMAVYYCAASLSGLSIGIAPSDYNYWGRGTQVTVSS	1
MKYLLPTAAAGLLLLAAQPAMAQVQLQESGGGLVQAGGSLRLSCAASGRAFTSYPMGWFRQVPGKDRTFVAAINRGGGDTRSADSVKGRFTISRDNAKNTVYLQMNSLEPDDTAVYYCAAAFYYNNGDYSEKEIQYWGQGTQVTVSS	1
MKYLLPTAAAGLLLLAAQPAMAQVQLQESGGGLVQPGGSLRPSCAASGRTFSDYTMAWFRQAPGEEREFVGLISWIDNTYVQNSVKGRFTISREIPKNTVYLHMNSLKPEDTAVYYCAARFRGSFLEETTTGYDYWGQGTQVTVSS	1
MKYLLPTAAAGLLLLAAQPAMAQVQLQESGGGLVQPGGSLRLPCEASGFTIGSYDMIWVRQAPAKRPEWVSSIYRSTDSTYYADSVKGRFTISSDNAKNTLYLQINSLRVEDTAVYYCANVGRYTDLKNDYWGQGTQVTVSS	1
MKYLLPTAAAGLLLLAAQPAMAQVQLQESGGGLVQPGGSLKLSCAASGDTVDYSSIGWFRQAPGREREGISCIRTVGYSTNYADSRFTVSRTGATVYLEMSRLQPEDTAIYYCAAARDLKFGQCVLNPRSQNVWGQGTQVTVSS	0
MKYLLPTAAAGLLLLAAQPAMAQVQLQESGGGLVQAGDSLRLSCAASGRTFSIYAMSWVRQAPGKGLEWVSDINSNGHNEYYADSVKGRFTISRDNAKNTVDLQMNSLKPEDTGVYYCATDRRTTIRDMPTRADFGSWGQGTQVTVSS	1
MKYLLPTAAAGLLLLAAQPAMAQVQLQESGGGLVQPGGSLRLSCAASGSIFSIKAMGWYRQAPGKQRELVATTTSGGSTNYADSVKGRFTISRDNAKNTVYLQMNSLKPEDTAVYYCMLAVGSVWKAYWGQGTQVTVSS	1
MKYLLPTAAAGLLLLAAQPAMAQVQLQESGGGLVQAGGSLRLSCAASGRPSSSYAMGWFRQAPGKEREFVAGIGWTGSVTYYADDVKGRFTISRDNAKNTVYLQMNSLKPEDTAAYYCAADSVPWGVTITRDEYDYWGQGTQVTVSS	1
MKYLLPTAAAGLLLLAAQPAMAQVQPQESGGGLVQAGGSLRLSCAASGRTFSSYTLGWFRQAPGKEREFVAACTWSGGLRSYADSVKGRFTISTENDKNTVYLQMNSLKPEDTALYYCAAGIFLAREAGRYAYWGQGTQVTVSS	0
MKYLLPTAAAGLLLLAAQPAMAQVQLQESGGGLVQPGGSLRLSCAASGFTLDYYNIGWFRQAPGKERKGMSCISGRGGSTRYADSVKGRFTIFRDNAKNTAYLQMDSLKSEDTAVYYCAADRFPDPCSLATTPLSGREYDYWGQGTQVTVSS	0
MKYLLPTAAAGLLLLAAQPAMAQVQLQESGGGLVQAGGSLRLSCAASGRTFSSYSDSVKGRFTISRDNTKNTLYLQMNSLKPEDTAEYYCAKYTTWGLGYYYGMDYWGKGTQVTVSS	1
MKYLLPTAAAGLLLLAAQPAMAQVRLQESGGGLVQSGGSLRLSCAASGFSLDYYNIGWFRQAPDRDREGVSCISSSGSSTNYADSVKGRFTISRDNAKNTVYLQMNSLKPEDTAVYYCVVDDGRVGCTEARRTLAYDYWGQGTQVTVSS	0
MKYLLPTAAAGLLLLAAQPAMAQVQLQESGGGLVQPGGSLRLSCAASGFTLDYYAIGWFRQAPGKEREGVSCISSSGGSTNYADSAKGRPTVSRDNAENTVYLQMNSLKPEDTAVYYCAAVINGKYYPLCSGMDYWGKGTQVTVSS	0
MKYLLPTAAAGLLLLAAQPAMAQVQLQESGGGLVQPGGSLRLSCAASGFTLDYYAIGWFRQAPGKERELVSAISWNGGLTHYADSVKGRFAISRDNAKNTVYLQINNLEPEDTAVYYCAAAYYDGSRLFKVIYDYWGQGTQVTVSS	1
MKYLLPTAAAGLLLLAAQPAMAQVQLQESGGGLVQPGGSLRLSCVTSGVSLDWFDIGWFRQAPGKEREGVSCISSSGRRTYYADSVKGRFTISRDNAKNTMYLQMNSLNSEDTAVYTCAARTTYSLLNYAYTRPGAYDYWGQGTQVTVSS	0
MKYLLPTAAAGLLLLAAQPAMAQVQLQESGGGLVQAGGSLRLSCAASGRTFSSYAMGWFRQAPGKEREFVAAISWSGGSTYYADSVKGRFTISRGNAKNTVYLQMNSLKPEDTAVYYCAVHVNWGNDYWGQGTQVTVSS	1
MKYLLPTAAAGLLLLAAQPAMAQVQLQESGGGLVQAGGSLRLSCAASGTIFSIASMGWYRQAPGRQRELVATITSAGSTNYADSVKGRFTISRDNARNTVYLEMNSLKPEDTAVYYCAADASFSPSETVTVSS	1
MKYLLPTAAAGLLLLAAQPAMAQVQLQESGGGLVPPGHSLTLSCVASGSSVSDYALAWFRQPPGKEREFVATIDWSGYRAFYSDFAQGRFILSRDNAGNTARLQMSSLKPDDAAVYFCAAGPVMGSDYDRQYEYWGQGTQVTVSS	1
MKYLLPTAAAGLLLLAAQPAMAQVQLQESGGGLAQAGGSRRLACTASGHVQVINTMGWHRQAPGKQREFVAIIDRGGVRTYADSVKGRFTISRDSAQDTVYLQMNRLEVEDTAVYYCAAESRPMADPTVGGGISKKEFWGQGTQVTVSS	1
MKYLLPTAAAGLLLLAAQPAMAQVQLQESGGGLVQAGGSLFLSCAASERTFEYNDIGWFRRAPGKEHEFVAAINWSGSQIAYADSVKGRFSISRDFAKNTVYLQMNSLKPEDTASYTCGVKTTLGGTVYLRANYDVWGQGTQVTVSS	0
MKYLLPTAAAGLLLLAAQPAMAQVQLQESGGGAVQAGGSLRLSCSASGGRFSSYGMGWFRQAPGKEREFVAGISGSGGDTKYADFVKSRFTISRNNAENTVNLQMDSLKAGDTGTYYCARGRWKHSYSDESDATYDYWGLGTQVTVSS	1
MKYLLPTAAARLLLLAAQPAMAQVQLQESGGGLVQAGGSLKLSCAASGLTFRNYHMGWFRQAPGKEREFVAYITWSGGSTVYADSVKGRFTVSRDNVKNTVYLQMNSLKPDDTAVYYCAADRILPRRRFDEYEYSGQGTQVTVSS	1
MKYLLPTAAAGLLLLAAQPAMAQVQLQESGGGLVQAGGYLRLSCVASGRAFETYVMGWFRQAPGKDREFVAACDWSGAPYYADALKGRFTISRDNTKNTVYLQMLSLKPEDSAVYYCGAEGPAKWLSGGAAYDRAEHYDYWGQGTQVTVSS	0
MKYLLPTAAAGLLLLAAQPAMAQVQLQESGGGLVQSGGSLRLSCAASGMIFSRNAMGWYRQAPGKQRELVAGISRGGSTNYADSAKGRFTISRDNARSTVYLQMNSLKPEDTAVYYCNVVGPGPNVWGQGTQVTVSS	1
MKYLLPTAAAGLLLLAAQPAMAQVQLQESGGGLVQPGGSLRLSCAVSGFTLDYYAIGWFRQAPGKGQRERVCCINWNDGATYYMDSAKGRFTISRDDSKDDSKNTVYLQMNNLTVEDTAVYYCAAFFFWEGTWGANEYDYWGQGTQVTVSS	0
MKYLLPTAAAGLLLLAAQPAMAQVQLQESGGGLVQAGGSLRLSCVASGSIFRINRWRWYRQAPGKERELVAMITSGGVTNYHDSVKGRFTISRNNANYSVSLQMNSLKPEETAVYYCAASIDPGDTRHYWGQGTQVTVSS	0
MKYLLPTAAAGLLLLAAQPAMAQVQLQESGGGLVQSGGSLRLSCAASGFSLDYYNIGWFRQAPDKDREGVSCISSSGSSTNYADSVKGRFTISRDNAKNTVYLQMNSLKPEDTAVYYCVVDDGRVGCTEARRTLAYDYWGKGTQVTSS	0
MKYLLPTAAAGLLLLAAQPAMAQVQLQESGGGLVQPGGSLRLSCAASGYTLSTNWMYWVRQAPDKGLEWVSTITPRGLTDYAASVKGRFAISRDNAKNTLYLQMNSLRSEDTAVYYCAKDKEGALRGQGTQVTVSS	1
MKYLLPTAAAGLLLLAAQPAMAQVQLQESGGGLVQPGGSLRLSCAASGSGFSIGVMGWYRQAPGKQRELVASISSGGDTNYLDSVKGRFTISRDNPKNTVYLQVNSLKPEDTAVYTCNARGEADYDSDYVSVPHFWGRGTQVTVSS	1
MKYLLPTAAAGLLLLAAQPAMAQVQLQESGGGLVQPGGSLRLSCVAAGDTLDYYDIGRFRQAPGKAREGVSSISNSARSIRYLESVKGRFTISRDNAKNTVYLQMSDLKPEDTAKYYCAAGMWTMSTMDTFNGREYKYWGQGTQVTVSS	1
MKYLLPTAAAGLLLLAAQPAMAQVQLQESGGGLVQPGGSLRLSCAASGFTFSSYVMGWVRQAPGAGLEWVSNIDEAGGTKTYADTVRGRFTISRDDAKNTLSLQMNSLKPEDTAKYHCVGGHWYSYWGQGTQVTVSS	1
MKYLLPTAAAGLLLLAAQPAMAQVQLQESGGGLVQPGGSLRLSCAASGFTFSGYYMSWVRQAPGKGPEWVSTINTFGEETRYAESVKGRFTISRENTKKMLYLQMNNLKPEDTALYYCARLDDWNSKRRDFWGQGTQVTVSS	1
